name,city,category,email_subject,email_body,generated_at
VetriCinema,Chennai,film production house,SUBJECT: New voice and original songs for VetriCinema,"Watching the kind of stories VetriCinema brings to life from Chennai to Kerala, there's a raw honesty that I always try to mirror in my music. I’m an indie singer-songwriter and composer creating original tracks in Malayalam, Tamil, and English. From the melancholic notes of 'Neermathalam Kozhinja Sandhya' to the Tamil melodies of 'En Swaasame', my work is about capturing real, resonant moments. I’m currently looking to collaborate on playback singing, background scores, or original compositions for your upcoming film projects. You can find my discography on Spotify: https://open.spotify.com/artist/66GvSYuJ8ks3iouoFicDo7. If you have a project that could use a fresh indie sound, I'd love to hear about it.

Warm regards,
Roshith R Menon (roshmusik)
Born to Resonate.
🎧 https://open.spotify.com/artist/66GvSYuJ8ks3iouoFicDo7
📺 https://youtube.com/@Roshmusik
+91 94473 36560 · rosh.musik@gmail.com
https://www.roshmusik.com",07/05/2026 15:49
Vishal Film Factory,Chennai,film production house,Original Tamil and Malayalam songs for your next film,"Vishal Film Factory has always pushed the envelope with raw, high-octane storytelling in Chennai’s cinema landscape. I’ve followed your work closely and appreciate how music consistently drives the grit and emotion in your productions.

I am an indie singer-songwriter working across Malayalam, Tamil, and English. My recent releases include a Malayalam romantic poem, 'Neermathalam Kozhinja Sandhya', and a Tamil track, 'Oru Kaadhal Kadhai'. I’m looking to collaborate on upcoming films, whether for playback singing, original scores, or song compositions.

I’ve put together my Spotify and YouTube links here for you to explore: https://linktr.ee/roshmusik

If you have a project on your slate that could use a fresh bilingual sound, I’d love to send over more demos.

Warm regards,
Roshith R Menon (roshmusik)
Born to Resonate.
🎵 All music: https://linktr.ee/roshmusik
🎧 https://open.spotify.com/artist/66GvSYuJ8ks3iouoFicDo7
📺 https://youtube.com/@Roshmusik
+91 94473 36560 · rosh.musik@gmail.com
https://www.roshmusik.com",2026-05-08 05:22
Axess Film Factory,Chennai,film production house,Malayalam and Tamil original music for your next film,"I’ve been watching the kind of stories Axess Film Factory brings to life, especially the way you guys balance atmosphere with solid, grounded storytelling.

I’m an indie artist writing and composing across Malayalam, Tamil, and English. I recently released a poetic Malayalam single called 'Neermathalam Kozhinja Sandhya' and a Tamil track 'En Swaasame', focusing on honest sounds that carry an emotional weight. I’m looking to contribute to film projects through playback singing, composing, or background score work that requires a fresh, original perspective.

You can hear my range and previous releases on my Linktree: https://linktr.ee/roshmusik

If you have a project in the works that could use an original voice or a specific musical pulse, I'd love to hear about it.

Warm regards,
Roshith R Menon (roshmusik)
Born to Resonate.
🎵 All music: https://linktr.ee/roshmusik
🎧 https://open.spotify.com/artist/66GvSYuJ8ks3iouoFicDo7
📺 https://youtube.com/@Roshmusik
+91 94473 36560 · rosh.musik@gmail.com
https://www.roshmusik.com",2026-05-09 05:40
2d Entertainment Pvt Ltd,Chennai,film production house,Original music and playback voice for 2d Entertainment,"I’ve been following the kind of grounded, rooted storytelling 2d Entertainment brings to Tamil cinema, especially how music drives the emotion in your projects. 

I’m an indie songwriter and composer working across Malayalam, Tamil, and English. My recent work includes the Malayalam romantic poem 'Neermathalam Kozhinja Sandhya' and Tamil tracks like 'En Swaasame'. I’m currently looking to collaborate on film scores, playback singing, or original compositions that need a fresh, resonant touch. 

You can find my discography and latest releases right here: https://linktr.ee/roshmusik 

If you have a script or a project in development that could use an original song or a new voice, I’d love to hear about it.

Warm regards,
Roshith R Menon (roshmusik)
Born to Resonate.
🎵 All music: https://linktr.ee/roshmusik
🎧 https://open.spotify.com/artist/66GvSYuJ8ks3iouoFicDo7
📺 https://youtube.com/@Roshmusik
+91 94473 36560 · rosh.musik@gmail.com
https://www.roshmusik.com",2026-05-09 05:40
Lyca Productions Private Limited,Chennai,film production house,Playback and original music for Lyca's upcoming films,"Lyca has always had a knack for backing stories that stay with the audience long after the credits roll. I’ve been following your recent scale of production in Chennai and would love to contribute to that sonic landscape.

I’m an indie songwriter and composer working across Malayalam, Tamil, and English. My recent releases like the poem 'Neermathalam Kozhinja Sandhya' and the Tamil single 'Oru Kaadhal Kadhai' lean into an organic, melodic sound. I’m looking to bring that original energy into film projects—whether it's playback singing, composing, or scoring for a fresh narrative.

You can hear the range of my work here: https://linktr.ee/roshmusik

If you have an upcoming project that could use an original song or voice, I'd love to hear about it.

Warm regards,
Roshith R Menon (roshmusik)
Born to Resonate.
🎵 All music: https://linktr.ee/roshmusik
🎧 https://open.spotify.com/artist/66GvSYuJ8ks3iouoFicDo7
📺 https://youtube.com/@Roshmusik
+91 94473 36560 · rosh.musik@gmail.com
https://www.roshmusik.com",2026-05-09 05:40
Madras Talkies,Chennai,film production house,Malayalam and Tamil voice for Madras Talkies films,"The way Madras Talkies crafts visual poetry and soulful narratives has always been a massive influence on my journey as a musician here in Chennai. I’m an indie singer-songwriter and composer working across Malayalam, Tamil, and English. My recent releases, like the Tamil track 'En Swaasame' and the Malayalam poem 'Neermathalam Kozhinja Sandhya', lean into a sound that is grounded but emotionally resonant. I’m currently looking for opportunities in playback singing, background scores, or original compositions for film projects. You can hear my full discography, from Spotify to YouTube, through this link: https://linktr.ee/roshmusik. If you have an upcoming project that could use a fresh original song or voice, I’d love to hear about it.

Warm regards,
Roshith R Menon (roshmusik)
Born to Resonate.
🎵 All music: https://linktr.ee/roshmusik
🎧 https://open.spotify.com/artist/66GvSYuJ8ks3iouoFicDo7
📺 https://youtube.com/@Roshmusik
+91 94473 36560 · rosh.musik@gmail.com
https://www.roshmusik.com",2026-05-10 05:55
Mark Studio India Private Limited,Chennai,film production house,Malayalam-Tamil-English voice for Mark Studio’s upcoming projects,"Mark Studio’s focus on bringing fresh narratives to the screen is something I’ve been following, and being based in Nungambakkam, you're right at the heart of the city's creative pulse. 

I’m an indie songwriter and composer creating music in Malayalam, Tamil, and English. My recent releases, like the Malayalam poem 'Neermathalam Kozhinja Sandhya' and the Tamil track 'En Swaasame', lean into a grounded, melodic space that I’m now looking to bring into film and playback work. I’d love to explore how my sound might fit into your upcoming productions, whether through original songs or background scores.

You can find my full discography and videos here: https://linktr.ee/roshmusik

If you have an upcoming project that could use an original song or voice, I'd love to hear about it.

Warm regards,
Roshith R Menon (roshmusik)
Born to Resonate.
🎵 All music: https://linktr.ee/roshmusik
🎧 https://open.spotify.com/artist/66GvSYuJ8ks3iouoFicDo7
📺 https://youtube.com/@Roshmusik
+91 94473 36560 · rosh.musik@gmail.com
https://www.roshmusik.com",2026-05-10 05:55
Sathya Jyothi Films,Chennai,film production house,Original songs and playback voice for your next film,"Sathya Jyothi Films has always had a knack for backing stories that stay with the audience long after the credits roll. I’m Roshith, an indie artist composing and singing across Malayalam, Tamil, and English. My recent work includes the romantic Malayalam poem 'Neermathalam Kozhinja Sandhya' and the Tamil track 'En Swaasame'. I’m currently looking to collaborate on film scores, playback singing, or original compositions that need a grounded, melodic touch. You can find my full discography and socials here: https://linktr.ee/roshmusik

If you have an upcoming project that could use an original song or a fresh voice, I'd love to hear about it. Worth a quick listen and a short chat sometime this week?

Warm regards,
Roshith R Menon (roshmusik)
Born to Resonate.
🎵 All music: https://linktr.ee/roshmusik
🎧 https://open.spotify.com/artist/66GvSYuJ8ks3iouoFicDo7
📺 https://youtube.com/@Roshmusik
+91 94473 36560 · rosh.musik@gmail.com
https://www.roshmusik.com",2026-05-10 05:55
Pathway Productions,Chennai,film production house,Original songs and playback for Pathway Productions,"The cinematic quality of the work Pathway Productions is doing in Chennai has a real sense of atmosphere that resonates with my own approach to sound.

I’m an indie musician and composer creating music as roshmusik. I write and sing in Malayalam, Tamil, and English, with releases ranging from the Tamil melody 'En Swaasame' to my recent Malayalam poem 'Neermathalam Kozhinja Sandhya'. I’m currently looking to collaborate on film scores, playback, or original soundtracks that need a soulful, grounded touch.

You can hear my full range and discography here: https://linktr.ee/roshmusik

If you have a project coming up that could use a new voice or an original composition, I’d love to have a quick chat to see how we might work together.

Warm regards,
Roshith R Menon (roshmusik)
Born to Resonate.
🎵 All music: https://linktr.ee/roshmusik
🎧 https://open.spotify.com/artist/66GvSYuJ8ks3iouoFicDo7
📺 https://youtube.com/@Roshmusik
+91 94473 36560 · rosh.musik@gmail.com
https://www.roshmusik.com",2026-05-13 06:15
WUNDERBAR FILMS PVT LTD,Chennai,film production house,Original music and playback voice for Wunderbar Films,"Wunderbar has always had a knack for picking soundtracks that stay with the audience long after the movie ends. Following your work from here in the city, I’ve always appreciated the rooted yet modern storytelling you guys champion.

I’m an indie singer and composer releasing music as roshmusik. I write and perform in Malayalam, Tamil, and English, ranging from the poetic soul of 'Neermathalam Kozhinja Sandhya' to the contemporary feel of 'En Swaasame'. I’m currently looking to collaborate on playback singing, original scores, or song compositions for your upcoming film slate.

You can listen to my work across Spotify and YouTube here: https://linktr.ee/roshmusik

If you have a project that could use a fresh sound or voice, I’d love to hear about it.

Warm regards,
Roshith R Menon (roshmusik)
Born to Resonate.
🎵 All music: https://linktr.ee/roshmusik
🎧 https://open.spotify.com/artist/66GvSYuJ8ks3iouoFicDo7
📺 https://youtube.com/@Roshmusik
+91 94473 36560 · rosh.musik@gmail.com
https://www.roshmusik.com",2026-05-13 06:15
Puppet Films – Video Production Company in Chennai & Ad Film Makers,Chennai,film production house,Malayalam and Tamil vocals for your ad projects,"The visual storytelling in your recent ad films caught my eye, especially how you capture that authentic Chennai energy. I’ve been following Puppet Films’ work and love the clean aesthetic you bring to your productions. I’m an indie singer and composer working across Malayalam, Tamil, and English. My latest release is a Malayalam poem, 'Neermathalam Kozhinja Sandhya,' and I also have Tamil tracks like 'Oru Kaadhal Kadhai' out now. I am looking to collaborate on ad jingles, background scores, or playback work that requires a grounded, original sound. You can hear my full discography here: https://linktr.ee/roshmusik. If you have an upcoming project that could use a fresh voice or composition, I’d love to hear about it.

Warm regards,
Roshith R Menon (roshmusik)
Born to Resonate.
🎵 All music: https://linktr.ee/roshmusik
🎧 https://open.spotify.com/artist/66GvSYuJ8ks3iouoFicDo7
📺 https://youtube.com/@Roshmusik
+91 94473 36560 · rosh.musik@gmail.com
https://www.roshmusik.com",2026-05-13 06:16
AR Murugadoss Productions,Chennai,film production house,Original songs and playback for your next film,"The storytelling coming out of your Chennai office has always had a certain soul that resonates with my own work as a musician. 

I’m an indie singer-songwriter and composer working across Malayalam, Tamil, and English. My recent releases, like the Malayalam poem 'Neermathalam Kozhinja Sandhya' and the Tamil track 'En Swaasame', focus on melodies that feel grounded yet cinematic. I’m currently looking to collaborate on film scores, original compositions, or playback opportunities.

You can find my full discography on my Linktree: https://linktr.ee/roshmusik. If you have an upcoming project that could use a fresh original voice or score, I’d love to see if we can create something together.

Warm regards,
Roshith R Menon (roshmusik)
Born to Resonate.
🎵 All music: https://linktr.ee/roshmusik
🎧 https://open.spotify.com/artist/66GvSYuJ8ks3iouoFicDo7
📺 https://youtube.com/@Roshmusik
+91 94473 36560 · rosh.musik@gmail.com
https://www.roshmusik.com",2026-05-13 06:16
Raaj Kamal Films International,Chennai,film production house,Original Malayalam and Tamil singer-composer for RKFI projects,"The kind of storytelling Raaj Kamal brings to Indian cinema is something I’ve followed closely, especially the sonic depth and scale of your recent Chennai-based productions. 

I am an indie singer-songwriter and composer working under the name roshmusik. I write and perform in Malayalam, Tamil, and English, focusing on grounded, soulful melodies. My recent releases include the Malayalam poem ‘Neermathalam Kozhinja Sandhya’ and the Tamil track ‘En Swaasame’. I’m looking to explore playback and composing roles for feature films and would love to bring a fresh indie sensibility to your future projects.

You can find my full discography here: https://linktr.ee/roshmusik. If you have an upcoming project that could use an original song or voice, I’d love to hear about it.

Warm regards,
Roshith R Menon (roshmusik)
Born to Resonate.
🎵 All music: https://linktr.ee/roshmusik
🎧 https://open.spotify.com/artist/66GvSYuJ8ks3iouoFicDo7
📺 https://youtube.com/@Roshmusik
+91 94473 36560 · rosh.musik@gmail.com
https://www.roshmusik.com",2026-05-13 06:16
